{
"Bx_mean" : 0.044084,
"Bx_std"  : 3.674102,
"By_mean" : 0.013296,
"By_std"  : 4.131945,
"Bz_mean" : -0.008682,
"Bz_std"  : 3.505813,
"Vx_mean" : -429.967758,
"Vx_std"  : 101.585451,
"Np_mean" : 6.166619,
"Np_std"  : 5.040771
}